# Natural original-ROM handler pairs; stage tick difficulty before player after.
# ROM SHA256 bca5696ebbf4a3493bb226baa03ba8f8c5cc4876a4ad0eaa9722f583a42192b0
0 140 1 180100000000000008401e000040ff180000000484b9001700014100000000000001a0000000000000000000000502030089e900020000000100000000000000 0100000001000000080005000000000000000003033900000003090b0d0000000000000000000000000000000000000000000000000000000000000000000000 180100000000000008401e180040ff180000000484b9001700014100000000000001a0000000000000000000000502030089e900020000000100000000000000
0 141 1 180100000000001808801d180040ff180000000484b9001700014100000000000001a0000000000000000000000502030089e900020000000100000000000000 0100000001000000080005000000000000000003033900000003090b0d0000000000000000000000000000000000000000000000000000000000000000000000 180100000000001808801d300040ff180000000484b9001700014100000000000001a0000000000000000000000502030089e900020000000100000000000000
0 142 1 180100000000004808c01c300040ff180000000484b9001700014100000000000001a0000000000000000000000502030089e900020000000100000000000000 0100000001000000080005000000000000000003033900000003090b0d0000000000000000000000000000000000000000000000000000000000000000000000 180100000000004808c01c480040ff180000000484b9001700014100000000000001a0000000000000000000000502030089e900020000000100000000000000
0 143 1 180100000000009008001c480040ff180000000484b9001700014100000000000001a0000000000000000000000502030089e900020000000100000000000000 0100000001000000080005000000000000000003033900000003090b0d0000000000000000000000000000000000000000000000000000000000000000000000 180100000000009008001c600040ff180000000484b9001700014100000000000001a0000000000000000000000502030089e900020000000100000000000000
0 109 1 11010000000100400dc01a40ff0000000000000484bd000600014300000000000000000000000000000000000004000000000000000000000000000000000000 01000000ff000000080005000000000000000003033900000003090b0d0000000000000000000000000000000000000000000000000000000000000000000000 11010000000200400dc01a40ff0000000000000484bd000500014300000000000000000000000000000000000004000000000000000000000000000000000000
0 110 1 11010000000200800c801a40ff0000000000000484bd000500014300000000000000000000000000000000000004000000000000000000000000000000000000 0100000001000000080005000000000000000003033900000003090b0d0000000000000000000000000000000000000000000000000000000000000000000000 11010000000000800c801a40ff0000000000000484bd000400014300000000000000000000000000000000000004000000000000000000000000000000000000
0 111 1 11010000000000c00b401a40ff0000000000000484bd000400014300000000000000000000000000000000000004000000000000000000000000000000000000 01000000ff000000080005000000000000000003033900000003090b0d0000000000000000000000000000000000000000000000000000000000000000000000 11010000000100c00b401a40ff0000000000000484bd000300014300000000000000000000000000000000000004000000000000000000000000000000000000
0 112 1 11010000000100000b001a40ff0000000000000484bd000300014300000000000000000000000000000000000004000000000000000000000000000000000000 01000000ff000000080005000000000000000003033900000003090b0d0000000000000000000000000000000000000000000000000000000000000000000000 11010000000200000b001a40ff0000000000000484bd000200014300000000000000000000000000000000000004000000000000000000000000000000000000
0 115 1 110200000001007a09f118faff71ff000000000484b9000100014300000000000000000000000000000000000004000000000000000000000000000000000000 01000000ff000000080005000000000000000003033900000003090b0d0000000000000000000000000000000000000000000000000000000000000000000000 110200000002007a09f118faff71ff000000000484b9000100014300000000000000000000000000000000000004000000000000000000000000000000000000
0 116 1 1102000000020074096218faff71ff000000000484b9000100014300000000000000000000000000000000000004000000000000000000000000000000000000 01000000ff000000080005000000000000000003033900000003090b0d0000000000000000000000000000000000000000000000000000000000000000000000 1102000000000074096218faff71ff000000000484b9000100014300000000000000000000000000000000000004000000000000000000000000000000000000
0 117 1 110200000000006e09d317faff71ff000000000484b9000100014300000000000000000000000000000000000004000000000000000000000000000000000000 01000000ff000000080005000000000000000003033900000003090b0d0000000000000000000000000000000000000000000000000000000000000000000000 110200000001006e09d317faff71ff000000000484b9000100014300000000000000000000000000000000000004000000000000000000000000000000000000
0 118 1 1102000000010068094417faff71ff000000000484b9000100014300000000000000000000000000000000000004000000000000000000000000000000000000 01000000ff000000080005000000000000000003033900000003090b0d0000000000000000000000000000000000000000000000000000000000000000000000 1102000000020068094417faff71ff000000000484b9000100014300000000000000000000000000000000000004000000000000000000000000000000000000
1 200 1 180100000000000008401e000040ff100000000484b9001700013f00000000000000c000000000000000000000090203005fe900080000000100000000000000 0100000001000000080005000000000000000003033900000003090b0d0000000000000000000000000000000000000000000000000000000000000000000000 180100000000000008401e100040ff100000000484b9001700013f00000000000000c000000000000000000000090203005fe900080000000100000000000000
1 201 1 180100000000001008801d100040ff100000000484b9001700013f00000000000000c000000000000000000000090203005fe900080000000100000000000000 0100000001000000080005000000000000000003033900000003090b0d0000000000000000000000000000000000000000000000000000000000000000000000 180100000000001008801d200040ff100000000484b9001700013f00000000000000c000000000000000000000090203005fe900080000000100000000000000
1 202 1 180100000000003008c01c200040ff100000000484b9001700013f00000000000000c000000000000000000000090203005fe900080000000100000000000000 0100000001000000080005000000000000000003033900000003090b0d0000000000000000000000000000000000000000000000000000000000000000000000 180100000000003008c01c300040ff100000000484b9001700013f00000000000000c000000000000000000000090203005fe900080000000100000000000000
1 203 1 180100000000006008001c300040ff100000000484b9001700013f00000000000000c000000000000000000000090203005fe900080000000100000000000000 0100000001000000080005000000000000000003033900000003090b0d0000000000000000000000000000000000000000000000000000000000000000000000 180100000000006008001c400040ff100000000484b9001700013f00000000000000c000000000000000000000090203005fe900080000000100000000000000
1 190 2 3b0100000000000005801c000000000000000003036f004008023b3d000000000000000000000000000000000007010200f3ec00060000000100000000000000 01000000ff000000080005000000000000000003033900000003090b0d0000000000000000000000000000000000000000000000000000000000000000000000 3b0100000000000005801c000000000000000003036f003f08023b3d000000000000000000000000000000000007010200f3ec00060000000100000000000000
1 190 2 3b01000000000000058018000000000000000003036f008008023f41000000000000000000000000000000000008010200f3ec00060000000200000000000000 01000000ff000000080005000000000000000003033900000003090b0d0000000000000000000000000000000000000000000000000000000000000000000000 3b01000000000000058018000000000000000003036f007f08023f41000000000000000000000000000000000008010200f3ec00060000000200000000000000
1 190 2 3b01000000000000058015000000000000000003036f002008024345000000000000000000000000000000000009010200f3ec00060000000300000000000000 01000000ff000000080005000000000000000003033900000003090b0d0000000000000000000000000000000000000000000000000000000000000000000000 3b01000000000000058015000000000000000003036f001f08024345000000000000000000000000000000000009010200f3ec00060000000300000000000000
1 190 2 3b01000000000000058012000000000000000003036f00400802474900000000000000000000000000000000000a010200f3ec00060000000400000000000000 01000000ff000000080005000000000000000003033900000003090b0d0000000000000000000000000000000000000000000000000000000000000000000000 3b01000000000000058012000000000000000003036f003f0802474900000000000000000000000000000000000a010200f3ec00060000000400000000000000
1 220 2 3b0100000000000005000e000000000000000003036f000208024345000000000000000000000000000000000009010200f3ec00060000000300000000000000 01000000ff000000080005000000000000000003033900000003090b0d0000000000000000000000000000000000000000000000000000000000000000000000 3b0100000000000005000e000000000000000003036f000108024345000000000000000000000000000000000009010200f3ec00060000000300000000000000
1 221 2 3b0100000000000005c00d000000000000000003036f000108024345000000000000000000000000000000000009010200f3ec00060000000300000000000000 01000000ff000000080005000000000000000003033900000003090b0d0000000000000000000000000000000000000000000000000000000000000000000000 3b0100000001000005c00d000000000000000003036f000108024345000000000000000000000000000000000009010200f3ec00060000000300000000000000
1 222 2 3b0100000001000005800d000000000000000003036f000108024345000000000000000000000000000000000009010200f3ec00060000000300000000000000 01000000ff000000080005000000000000000003033900000003090b0d0000000000000000000000000000000000000000000000000000000000000000000000 3b0100000002000005800d000000000000000003036f000108024345000000000000000000000000000000000009010200f3ec00060000000300000000000000
1 223 2 3b0100000002000005400d000000000000000003036f000108024345000000000000000000000000000000000009010200f3ec00060000000300000000000000 01000000ff000000080005000000000000000003033900000003090b0d0000000000000000000000000000000000000000000000000000000000000000000000 3b0100000003000005400d000000000000000003036f000108024345000000000000000000000000000000000009010200f3ec00060000000300000000000000
1 225 2 3b0200000000000005c00c000000000000000003036f000608024345000000000000000000000000000000000009010200f3ec00060000000300000000000000 01000000ff000000080005000000000000000003033900000003090b0d0000000000000000000000000000000000000000000000000000000000000000000000 3b0200000000000005c00c000000000000000003036f000508024345000000000000000000000000000000000009010200f3ec00060000000300000000000000
1 226 2 3b0200000000000005800c000000000000000003036f000508024345000000000000000000000000000000000009010200f3ec00060000000300000000000000 01000000ff000000080005000000000000000003033900000003090b0d0000000000000000000000000000000000000000000000000000000000000000000000 3b0200000000000005800c000000000000000003036f000408024345000000000000000000000000000000000009010200f3ec00060000000300000000000000
1 227 2 3b0200000000000005400c000000000000000003036f000408024345000000000000000000000000000000000009010200f3ec00060000000300000000000000 01000000ff000000080005000000000000000003033900000003090b0d0000000000000000000000000000000000000000000000000000000000000000000000 3b0200000000000005400c000000000000000003036f000308024345000000000000000000000000000000000009010200f3ec00060000000300000000000000
1 228 2 3b0200000000000005000c000000000000000003036f000308024345000000000000000000000000000000000009010200f3ec00060000000300000000000000 01000000ff000000080005000000000000000003033900000003090b0d0000000000000000000000000000000000000000000000000000000000000000000000 3b0200000000000005000c000000000000000003036f000208024345000000000000000000000000000000000009010200f3ec00060000000300000000000000
1 229 2 3b0200000000000005c00b000000000000000003036f000208024345000000000000000000000000000000000009010200f3ec00060000000300000000000000 01000000ff000000080005000000000000000003033900000003090b0d0000000000000000000000000000000000000000000000000000000000000000000000 3b0200000000000005c00b000000000000000003036f000108024345000000000000000000000000000000000009010200f3ec00060000000300000000000000
1 230 2 3b0200000000000005800b000000000000000003036f000108024345000000000000000000000000000000000009010200f3ec00060000000300000000000000 01000000ff000000080005000000000000000003033900000003090b0d0000000000000000000000000000000000000000000000000000000000000000000000 3b0200000000010005800b000000000000000003036f000108024345000000000001000000000000000000000009010200f3ec00060000000300000000000000
1 231 2 3b0200000000010005400b000000000000000003036f000108024345000000000001000000000000000000000009010200f3ec00060000000300000000000000 01000000ff000000080005000000000000000003033900000003090b0d0000000000000000000000000000000000000000000000000000000000000000000000 3b0200000000020005400b000000000000000003036f000108024345000000000002000000000000000000000009010200f3ec00060000000300000000000000
1 232 2 3b0200000000020005400b000000000000000003036f000108024345000000000002000000000000000000000009010200f3ec00060000000300000000000000 01000000ff000000080005000000000000000003033900000003090b0d0000000000000000000000000000000000000000000000000000000000000000000000 3b0200000000030005400b000000000000000003036f000108024345000000000003000000000000000000000009010200f3ec00060000000300000000000000
1 235 2 3b0300000000040005400b000000000000000003036f000108024345000000000004000000000000000000000009010200f3ec00060000000300000000000000 01000000ff000000080005000000000000000003033900000003090b0d0000000000000000000000000000000000000000000000000000000000000000000000 3b0300000000040005400b000000000000000003036f000107024345000000000004000000000000000000000009010200f3ec00060000000300000000000000
1 236 2 3b0300000000040005400b000000000000000003036f000107024345000000000004000000000000000000000009010200f3ec00060000000300000000000000 01000000ff000000080005000000000000000003033900000003090b0d0000000000000000000000000000000000000000000000000000000000000000000000 3b0300000000040005400b000000000000000003036f000106024345000000000004000000000000000000000009010200f3ec00060000000300000000000000
1 237 2 3b0300000000040005400b000000000000000003036f000106024345000000000004000000000000000000000009010200f3ec00060000000300000000000000 01000000ff000000080005000000000000000003033900000003090b0d0000000000000000000000000000000000000000000000000000000000000000000000 3b0300000000050005400b000000000000000003036f000105024345000000000004000000000000000000000009010200f3ec00060000000300000000000000
1 238 2 3b0300000000050005400b000000000000000003036f000105024345000000000004000000000000000000000009010200f3ec00060000000300000000000000 01000000ff000000080005000000000000000003033900000003090b0d0000000000000000000000000000000000000000000000000000000000000000000000 3b0300000000060005400b000000000000000003036f000104024345000000000004000000000000000000000009010200f3ec00060000000300000000000000
1 243 2 3b0400000000060005400b000000000000000003036f000101024345000000000004000000000000000000000009010200f3ec00060000000300000000000000 01000000ff000000080005000000000000000003033900000003090b0d0000000000000000000000000000000000000000000000000000000000000000000000 3b0400000000030005400b000000000000000003036f000101024345000000000003000000000000000000000009010200f3ec00060000000300000000000000
1 244 2 3b0400000000030005400b000000000000000003036f000101024345000000000003000000000000000000000009010200f3ec00060000000300000000000000 01000000ff000000080005000000000000000003033900000003090b0d0000000000000000000000000000000000000000000000000000000000000000000000 3b0400000000020005400b000000000000000003036f000101024345000000000002000000000000000000000009010200f3ec00060000000300000000000000
1 245 2 3b0400000000020005400b000000000000000003036f000101024345000000000002000000000000000000000009010200f3ec00060000000300000000000000 01000000ff000000080005000000000000000003033900000003090b0d0000000000000000000000000000000000000000000000000000000000000000000000 3b0400000000010005400b000000000000000003036f000101024345000000000001000000000000000000000009010200f3ec00060000000300000000000000
1 246 2 3b0400000000010005400b000000000000000003036f000101024345000000000001000000000000000000000009010200f3ec00060000000300000000000000 01000000ff000000080005000000000000000003033900000003090b0d0000000000000000000000000000000000000000000000000000000000000000000000 3b0400000000000005400b000000000000000003036f000101024345000000000000000000000000000000000009010200f3ec00060000000300000000000000
2 6 1 320100000000000014c019000000000000000004845601200100000000000000000000000000000000000000000101010003e900000000000000000000000000 0100000000000000080005000000000000000003033900000f000000000000000000000000000000000000000000000000000000000000000000000000000000 320100000000000014c019000000000000000004845601201e00000000000000000000000001000000000000000101010003e900000000000000000000000000
2 6 1 320100000000000014c01b000000000000000004845601200100000000000000000000000000000000000000000201010008e900000000000000000000000000 0100000000000000080005000000000000000003033900000f000000000000000000000000000000000000000000000000000000000000000000000000000000 320100000000000014c01b000000000000000004845601202000000000000000000000000001000000000000000201010008e900000000000000000000000000
2 6 1 320100000000000014c01d00000000000000000484560120010000000000000000000000000000000000000000030101000de900000000000000000000000000 0100000000000000080005000000000000000003033900000f000000000000000000000000000000000000000000000000000000000000000000000000000000 320100000000000014c01d00000000000000000484560120220000000000000000000000000100000000000000030101000de900000000000000000000000000
2 7 1 320100000000000014a019000000000000000004845601201e00000000000000000000000001000000000000000101010003e900000000000000000000000000 0100000000000000080005000000000000000003033900000e03090b0d0000000000000000000000000000000000000000000000000000000000000000000000 320100000000000014a019000000000000000004845601201d00000000000000000000000001000000000000000101010003e900000000000000000000000000
2 7 1 320100000000000014a01b000000000000000004845601202000000000000000000000000001000000000000000201010008e900000000000000000000000000 0100000000000000080005000000000000000003033900000e03090b0d0000000000000000000000000000000000000000000000000000000000000000000000 320100000000000014a01b000000000000000004845601201f00000000000000000000000001000000000000000201010008e900000000000000000000000000
2 7 1 320100000000000014a01d00000000000000000484560120220000000000000000000000000100000000000000030101000de900000000000000000000000000 0100000000000000080005000000000000000003033900000e03090b0d0000000000000000000000000000000000000000000000000000000000000000000000 320100000000000014a01d00000000000000000484560120210000000000000000000000000100000000000000030101000de900000000000000000000000000
2 8 1 3201000000000000148019000000000000000004845601201d00000000000000000000000001000000000000000101010003e900000000000000000000000000 0100000000000000080005000000000000000003033900000d03090b0d0000000000000000000000000000000000000000000000000000000000000000000000 3201000000000000148019000000000000000004845601201c00000000000000000000000001000000000000000101010003e900000000000000000000000000
2 13 1 320100000000040004e01f00000000000000000484560120010000000000000001000000000000000000000000060101001ee900000000000000000000010000 0100000000000000080005000000000000000003033900000803090b0d0000000000000000000000000000000000000000000000000000000000000000000000 320100000000040004e01f00000000000000000484560120280000000000000001000000000100000000000000060101001ee900000000000000000000010000
2 40 1 180100000000000004c01e0000c0ff040000000484b9001700013f0000000000000360000000000000000000000402030088e900030000000100000000000000 01000000ff000000080005000000000000000003033900000003090b0d0000000000000000000000000000000000000000000000000000000000000000000000 180100000000000004c01e0400c0ff040000000484b9001700013f0000000000000360000000000000000000000402030088e900030000000100000000000000
2 41 1 180100000000000404801e0400c0ff040000000484b9001700013f0000000000000360000000000000000000000402030088e900030000000100000000000000 01000000ff000000080005000000000000000003033900000003090b0d0000000000000000000000000000000000000000000000000000000000000000000000 180100000000000404801e0800c0ff040000000484b9001700013f0000000000000360000000000000000000000402030088e900030000000100000000000000
2 42 1 180100000000000c04401e0800c0ff040000000484b9001700013f0000000000000360000000000000000000000402030088e900030000000100000000000000 01000000ff000000080005000000000000000003033900000003090b0d0000000000000000000000000000000000000000000000000000000000000000000000 180100000000000c04401e0c00c0ff040000000484b9001700013f0000000000000360000000000000000000000402030088e900030000000100000000000000
2 43 1 180100000000001804001e0c00c0ff040000000484b9001700013f0000000000000360000000000000000000000402030088e900030000000100000000000000 01000000ff000000080005000000000000000003033900000003090b0d0000000000000000000000000000000000000000000000000000000000000000000000 180100000000001804001e1000c0ff040000000484b9001700013f0000000000000360000000000000000000000402030088e900030000000100000000000000
4 14 1 180100000001000006401e000040ff180000000484b9001700013b00000000000001a000000000000000000000020203000ae900010000000100000000000000 0100000000000000080005000000000000000003033900000703090b0d0000000000000000000000000000000000000000000000000000000000000000000000 180100000001000006401e180040ff180000000484b9001700013b00000000000001a000000000000000000000020203000ae900010000000100000000000000
4 15 1 180100000001001806801d180040ff180000000484b9001700013b00000000000001a000000000000000000000020203000ae900010000000100000000000000 0100000000000000080005000000000000000003033900000603090b0d0000000000000000000000000000000000000000000000000000000000000000000000 180100000001001806801d300040ff180000000484b9001700013b00000000000001a000000000000000000000020203000ae900010000000100000000000000
4 16 1 180100000001004806c01c300040ff180000000484b9001700013b00000000000001a000000000000000000000020203000ae900010000000100000000000000 0100000000000000080005000000000000000003033900000503090b0d0000000000000000000000000000000000000000000000000000000000000000000000 180100000001004806c01c480040ff180000000484b9001700013b00000000000001a000000000000000000000020203000ae900010000000100000000000000
4 17 1 180100000001009006001c480040ff180000000484b9001700013b00000000000001a000000000000000000000020203000ae900010000000100000000000000 0100000000000000080005000000000000000003033900000403090b0d0000000000000000000000000000000000000000000000000000000000000000000000 180100000001009006001c600040ff180000000484b9001700013b00000000000001a000000000000000000000020203000ae900010000000100000000000000
4 216 1 180200000001009c07811bf4ff01ffe8ff00000484b9001700013d000000000000c1a000000000000000000000040203003be900010000000100000000000000 0100000001000000080005000000000000000003033900000003090b0d0000000000000000000000000000000000000000000000000000000000000000000000 180200000001009c07811bf4ff01ffe8ff00000484b9001700013d000000000000c1a000000000000000000000040203003be900010000000100000000000000
4 216 1 18020000000100460f8d1b9eff0dffe8ff00000484b90017000141000000000000c1a0000000000000000000000502030048e900030000000100000000000000 0100000001000000080005000000000000000003033900000003090b0d0000000000000000000000000000000000000000000000000000000000000000000000 18020000000100460f8d1b9eff0dffe8ff00000484b90017000141000000000000c1a0000000000000000000000502030048e900030000000100000000000000
4 217 1 180200000001009007821af4ff01ffe8ff00000484b9001700013d000000000000c1a000000000000000000000040203003be900010000000100000000000000 0100000001000000080005000000000000000003033900000003090b0d0000000000000000000000000000000000000000000000000000000000000000000000 180200000001009007821af4ff01ffe8ff00000484b9001700013d000000000000c1a000000000000000000000040203003be900010000000100000000000000
4 217 1 18020000000100e40e9a1a9eff0dffe8ff00000484b90017000141000000000000c1a0000000000000000000000502030048e900030000000100000000000000 0100000001000000080005000000000000000003033900000003090b0d0000000000000000000000000000000000000000000000000000000000000000000000 18020000000100e40e9a1a9eff0dffe8ff00000484b90017000141000000000000c1a0000000000000000000000502030048e900030000000100000000000000
6 125 1 4f0100000000010002e01f000000000000000005875602181f00000000000000010000000000000000000000000202030509e900000000000000000000010000 0100000000000000080005000000000000000003033900000003090b0d0000000000000000000000000000000000000000000000000000000000000000000000 4f0100000000010002e01f000000000000000005875602171e00000000000000010000000000000000000000000202030509e900000000000000000000010000
6 125 1 4f0100000000000010e01f000000000000000005875602181f00000000000000000000000000000000000000000302030512e900000000000000000000010000 0100000000000000080005000000000000000003033900000003090b0d0000000000000000000000000000000000000000000000000000000000000000000000 4f0100000000000010e01f000000000000000005875602171e00000000000000000000000000000000000000000302030512e900000000000000000000010000
6 126 1 4f0100000000010002c01f000000000000000005875602171e00000000000000010000000000000000000000000202030509e900000000000000000000010000 0100000000000000080005000000000000000003033900000003090b0d0000000000000000000000000000000000000000000000000000000000000000000000 4f0100000000010002c01f000000000000000005875602161d00000000000000010000000000000000000000000202030509e900000000000000000000010000
6 126 1 4f0100000000000010c01f000000000000000005875602171e00000000000000000000000000000000000000000302030512e900000000000000000000010000 0100000000000000080005000000000000000003033900000003090b0d0000000000000000000000000000000000000000000000000000000000000000000000 4f0100000000000010c01f000000000000000005875602161d00000000000000000000000000000000000000000302030512e900000000000000000000010000
6 147 1 4f0100000000010002201d000000000000000005875602020900000000000000010000000000000000000000000202030509e900000000000000000000010000 0100000000000000080005000000000000000003033900000003090b0d0000000000000000000000000000000000000000000000000000000000000000000000 4f0100000000010002201d000000000000000005875602010800000000000000010000000000000000000000000202030509e900000000000000000000010000
6 147 1 4f0100000000000010201d000000000000000005875602020900000000000000000000000000000000000000000302030512e900000000000000000000010000 0100000000000000080005000000000000000003033900000003090b0d0000000000000000000000000000000000000000000000000000000000000000000000 4f0100000000000010201d000000000000000005875602010800000000000000000000000000000000000000000302030512e900000000000000000000010000
6 148 1 4f0100000000010002001d000000000000000005875602010800000000000000010000000000000000000000000202030509e900000000000000000000010000 0100000000000000080005000000000000000003033900000003090b0d0000000000000000000000000000000000000000000000000000000000000000000000 4f0100000000010002001d000000000000000005875602000700000000000000010000000000000000000000000202030509e900000000000000000000010000
6 148 1 4f0100000000000010001d000000000000000005875602010800000000000000000000000000000000000000000302030512e900000000000000000000010000 0100000000000000080005000000000000000003033900000003090b0d0000000000000000000000000000000000000000000000000000000000000000000000 4f0100000000000010001d000000000000000005875602000700000000000000000000000000000000000000000302030512e900000000000000000000010000
