bank_decimal	bank_hex	classified_bytes	unknown_bytes	classified_percent
0	00	80	8112	0.98
1	01	28	8164	0.34
2	02	3816	4376	46.58
3	03	1160	7032	14.16
4	04	935	7257	11.41
5	05	275	7917	3.36
6	06	606	7586	7.40
7	07	7172	1020	87.55
8	08	7922	270	96.70
9	09	396	7796	4.83
10	0A	3943	4249	48.13
11	0B	6910	1282	84.35
12	0C	3362	4830	41.04
13	0D	3192	5000	38.96
14	0E	8192	0	100.00
15	0F	8192	0	100.00
16	10	8192	0	100.00
17	11	7518	674	91.77
18	12	8126	66	99.19
19	13	7879	313	96.18
20	14	8192	0	100.00
21	15	4196	3996	51.22
22	16	7484	708	91.36
23	17	8174	18	99.78
24	18	8169	23	99.72
25	19	7968	224	97.27
26	1A	5584	2608	68.16
27	1B	6841	1351	83.51
28	1C	3544	4648	43.26
29	1D	8110	82	99.00
30	1E	7536	656	91.99
31	1F	4644	3548	56.69
