type	continuation	handler	region
01	6DF5	5111	fixed
02	6DF5	5111	fixed
03	6DF5	50D0	fixed
04	6DF5	5111	fixed
05	6DF5	5111	fixed
06	6DF5	5111	fixed
07	6DF5	5111	fixed
08	6DF5	5111	fixed
09	6DF5	5111	fixed
0A	6DF5	5111	fixed
0B	6DF5	5111	fixed
0C	6DF5	5111	fixed
0D	6DF5	4F0D	fixed
0E	6E35	4F33	fixed
0F	6DF5	4F00	fixed
10	6DF5	5288	fixed
11	6DF5	52F4	fixed
12	6DF5	534E	fixed
13	6DF5	53C4	fixed
14	6E44	AE0A	bank06
15	6DF5	8000	bank05
16	6DF5	542C	fixed
17	6DF5	807F	bank05
18	6DF5	54C1	fixed
19	6DF5	557C	fixed
1A	6DF5	5763	fixed
1B	6DD3	5BC2	fixed
1C	6DE1	BA3B	bank06
1D	6DF5	BA9F	bank06
1E	6DF5	BB69	bank06
1F	66C2	BC3A	bank06
20	66C2	BCEC	bank06
21	6DE1	4FF1	fixed
22	6DE1	BD0F	bank06
23	6E35	BD74	bank06
24	66C2	BD9B	bank06
25	6DF5	BDDB	bank06
26	6DE1	BE5F	bank06
27	6DE1	8170	bank05
28	6E35	821D	bank05
29	6DE1	82CA	bank05
2A	6E09	8338	bank05
2B	6E35	8341	bank05
2C	6E35	83BF	bank05
2D	6E09	844D	bank05
2E	6E35	84F9	bank05
2F	6DF5	8694	bank05
30	6DD3	879B	bank05
31	6DF5	5CF3	fixed
32	6DE1	87C1	bank05
33	6DF5	87F1	bank05
34	6DF5	890F	bank05
35	6DF5	8910	bank05
36	6DE1	8AAE	bank05
37	6DD3	514C	fixed
38	6E35	8BF3	bank05
39	6E35	8C34	bank05
3A	6E35	8D2B	bank05
3B	6DF5	A17B	bank06
3C	6E44	A2B1	bank06
3D	6E44	A530	bank06
3E	6E44	A647	bank06
3F	6DF5	A853	bank06
40	6DF5	A57F	bank06
41	6DE1	8D2C	bank05
42	6DF5	5A84	fixed
43	6DD3	8E81	bank05
44	6DF5	8F94	bank05
45	6DF5	903C	bank05
46	6E1D	9054	bank05
47	66C2	5B2B	fixed
48	66C2	91AC	bank05
49	6E1D	92E4	bank05
4A	6DF5	937B	bank05
4B	6DF5	9476	bank05
4C	6DF5	9477	bank05
4D	66C2	9508	bank05
4E	6DF5	9655	bank05
4F	6DE1	9658	bank05
50	6E35	5AA2	fixed
51	6DF5	983D	bank05
52	6DF5	9940	bank05
53	6DF5	9940	bank05
54	6DF5	999A	bank05
55	6E35	58F0	fixed
56	66C2	BF14	bank06
57	6DF5	66C1	bank04
58	6DF5	B066	bank06
59	6DF5	B6C8	bank06
5A	6E35	9805	bank05
5B	6DF5	66C1	bank04
5C	6DF5	BA28	bank06
5D	6DF5	66C1	bank04
5E	6DF5	B6DE	bank06
5F	6E6D	9A39	bank05
60	6E6E	5B19	fixed
61	6E6E	9C3B	bank05
62	6DF5	9A41	bank05
63	6E6E	9FFF	bank05
64	6E44	A2D8	bank06
65	6DF5	5DA0	fixed
66	6DF5	9C6C	bank05
67	6E6E	9D1D	bank05
68	6DF5	5112	fixed
69	6E35	9A7C	bank05
6A	66C2	9AD7	bank05
6B	6E35	9B38	bank05
6C	6DF5	66C1	bank04
6D	6DF5	66C1	bank04
6E	6DF5	9F47	bank05
6F	6DF5	9FB0	bank05
70	6DF5	9D60	bank05
71	6E44	B0C1	bank06
72	6DF5	8AD7	bank05
73	6E1D	9473	bank05
74	6DF5	9E7A	bank05
75	6E81	9E7C	bank05
76	6E35	B423	bank06
77	6E44	B0CC	bank06
78	66C2	AA19	bank06
79	6E35	96AC	bank05
7A	6E44	A000	bank06
7B	6E44	B513	bank06
7C	66C2	B76C	bank06
